n,ms_triton_fp32_acc,ms_triton_fp16_acc,ms_cublas,tflops_triton_fp32_acc,tflops_triton_fp16_acc,tflops_cublas,pct_peak_vs_cublas_fp32,pct_peak_vs_cublas_fp16
512.0,0.01659957878291607,0.017727999892821044,0.01633907686202572,16.17122093942938,15.141891788294908,16.42904665096969,98.43067149897531,92.16537094318367
1024.0,0.0657402353689951,0.06290388068378862,0.061106067606989216,32.66619956479213,34.139128216829434,35.14354191161164,92.95078921455841,97.14196794020256
2048.0,0.37171062314382164,0.38792320132255553,0.3641056663667162,46.21839709260285,44.28677925277033,47.18374573906509,97.95406525840319,93.86024479210379
4096.0,3.1133439999360304,3.2630141423298764,2.8480540637312264,44.14512288870871,42.12024449696839,48.257143437769464,91.47893916604605,87.28292123483234
8192.0,53.37702560424805,52.740352630615234,22.579319953918457,20.598967726828423,20.847635120621945,48.695515632001516,42.301570194876994,42.81222788186554
