n,ms_triton_fp32_acc,ms_triton_fp16_acc,ms_cublas,tflops_triton_fp32_acc,tflops_triton_fp16_acc,tflops_cublas,pct_peak_vs_cublas_fp32,pct_peak_vs_cublas_fp16
512.0,0.011786868163156059,0.012304926967126062,0.014312063138491996,22.77411202740759,21.81528234317475,18.755888190434852,121.42379926865823,116.3116463570098
1024.0,0.04187843922324695,0.0431718664864699,0.05176752047915744,51.278980015280034,49.74266397940018,41.48322400074418,123.61377701588509,119.91031357280193
2048.0,0.296138247633292,0.3071275705824027,0.28819887190057125,58.01300345801273,55.93724181590731,59.611160414004196,97.31903062297037,93.83686113039701
4096.0,4.838130524283962,4.858785679465846,2.2858240088901005,28.407450518780873,28.286687773211153,60.126655830662365,47.24601780412694,47.0451705361368
8192.0,47.00467300415039,47.114240646362305,17.757631683349608,23.39153870252253,23.337139953690272,61.91769529756346,37.77843892623539,37.690582379620025
