n,tflops_auto_fp32,tflops_auto_fp16,tflops_fixed_fp32,tflops_fixed_fp16,tflops_cublas,pct_cublas_auto_fp32,pct_cublas_auto_fp16,speedup_auto_vs_fixed_fp32,speedup_auto_vs_fixed_fp16,best_fp32_config,best_fp16_config
512,26.48036319943359,24.11358613998918,24.24936515911219,22.733354586160434,18.144172268419776,145.94417870206783,132.89989635933551,1.0920023277179716,1.0607139412090552,"{""BLOCK_M"": 64, ""BLOCK_N"": 64, ""BLOCK_K"": 64, ""GROUP_M"": 8, ""num_warps"": 4, ""num_stages"": 4}","{""BLOCK_M"": 64, ""BLOCK_N"": 64, ""BLOCK_K"": 64, ""GROUP_M"": 8, ""num_warps"": 4, ""num_stages"": 4}"
1024,50.98155777718095,48.546583859320535,50.58103821446127,48.37212341714839,40.654349776393204,125.40246752829498,119.41301269442543,1.007918373700071,1.0036066318748849,"{""BLOCK_M"": 64, ""BLOCK_N"": 64, ""BLOCK_K"": 32, ""GROUP_M"": 4, ""num_warps"": 4, ""num_stages"": 3}","{""BLOCK_M"": 64, ""BLOCK_N"": 64, ""BLOCK_K"": 32, ""GROUP_M"": 4, ""num_warps"": 4, ""num_stages"": 3}"
2048,56.98142042334754,53.63135140010488,54.46057799440898,52.864099980943266,57.133868029420924,99.7331747152234,93.8696315335898,1.0462874710804089,1.0145136570836957,"{""BLOCK_M"": 128, ""BLOCK_N"": 128, ""BLOCK_K"": 32, ""GROUP_M"": 4, ""num_warps"": 4, ""num_stages"": 4}","{""BLOCK_M"": 128, ""BLOCK_N"": 128, ""BLOCK_K"": 32, ""GROUP_M"": 4, ""num_warps"": 4, ""num_stages"": 4}"
4096,55.814777947080984,50.89838603131559,28.284589687082388,28.07036864872274,57.20016302460315,97.5780050191006,88.98293875390351,1.9733281820443616,1.813242521616529,"{""BLOCK_M"": 64, ""BLOCK_N"": 128, ""BLOCK_K"": 32, ""GROUP_M"": 8, ""num_warps"": 4, ""num_stages"": 4}","{""BLOCK_M"": 64, ""BLOCK_N"": 128, ""BLOCK_K"": 32, ""GROUP_M"": 8, ""num_warps"": 4, ""num_stages"": 4}"
8192,58.74503864152245,55.04890636239883,23.486154297526458,23.406325802564716,59.903252549649096,98.06652584153642,91.8963562400441,2.50126256931342,2.35188157367129,"{""BLOCK_M"": 128, ""BLOCK_N"": 128, ""BLOCK_K"": 32, ""GROUP_M"": 8, ""num_warps"": 4, ""num_stages"": 4}","{""BLOCK_M"": 128, ""BLOCK_N"": 128, ""BLOCK_K"": 32, ""GROUP_M"": 8, ""num_warps"": 4, ""num_stages"": 4}"
