n,ms_triton_fp32_acc,ms_triton_fp16_acc,ms_cublas,tflops_triton_fp32_acc,tflops_triton_fp16_acc,tflops_cublas,pct_peak_vs_cublas_fp32,pct_peak_vs_cublas_fp16
512.0,0.011798943638942152,0.012392525384957725,0.01429379541485563,22.75080415792773,21.66107775948814,18.779858547647418,121.14470457913941,115.34207089223074
1024.0,0.04186155306837283,0.043415599828585984,0.0521164246220538,51.299664981194,49.46341076660744,41.20550601031181,124.4971120324456,120.04077987594441
2048.0,0.30271347612142563,0.31315199878751016,0.29182032576283895,56.752905103929834,54.86111936222201,58.87139334482822,96.40149804423731,93.18807700181857
4096.0,4.842721688119989,4.867075292687667,2.303295947409965,28.38051870896502,28.238509825087235,59.670557587942106,47.56201358959649,47.3240253930416
8192.0,46.96985626220703,47.02873611450195,18.03812446594238,23.408877847912233,23.37956999522576,60.954875317108375,38.40361862136727,38.35553739318986
