n,tflops_auto_fp32,tflops_auto_fp16,tflops_fixed_fp32,tflops_fixed_fp16,tflops_cublas,pct_cublas_auto_fp32,pct_cublas_auto_fp16,speedup_auto_vs_fixed_fp32,speedup_auto_vs_fixed_fp16,best_fp32_config,best_fp16_config
512,11.42409976598152,12.499265971074225,10.73217904771085,12.37633282749794,16.470607307304157,69.36052540646342,75.88831266428909,1.0644715966063065,1.0099329215923436,"{""BLOCK_M"": 64, ""BLOCK_N"": 64, ""BLOCK_K"": 64, ""GROUP_M"": 4, ""num_warps"": 8, ""num_stages"": 4}","{""BLOCK_M"": 64, ""BLOCK_N"": 64, ""BLOCK_K"": 64, ""GROUP_M"": 4, ""num_warps"": 8, ""num_stages"": 4}"
1024,40.47587098910011,38.241125495709404,32.881163312252625,35.29306200448999,41.84839648021057,96.72024353009677,91.38014526743699,1.2309744215776406,1.0835309639850563,"{""BLOCK_M"": 64, ""BLOCK_N"": 64, ""BLOCK_K"": 64, ""GROUP_M"": 4, ""num_warps"": 4, ""num_stages"": 2}","{""BLOCK_M"": 64, ""BLOCK_N"": 64, ""BLOCK_K"": 64, ""GROUP_M"": 4, ""num_warps"": 4, ""num_stages"": 2}"
2048,76.39003851978694,21.47125632417473,59.54732096310985,56.610349546602954,80.55960903180744,94.82424187240753,26.652632233725477,1.2828459330204178,0.37928146524689965,"{""BLOCK_M"": 128, ""BLOCK_N"": 256, ""BLOCK_K"": 32, ""GROUP_M"": 4, ""num_warps"": 8, ""num_stages"": 2}","{""BLOCK_M"": 128, ""BLOCK_N"": 256, ""BLOCK_K"": 32, ""GROUP_M"": 4, ""num_warps"": 8, ""num_stages"": 2}"
4096,87.76330964105773,25.00904814939417,59.14410952590119,54.952566246359126,99.48447565476121,88.21809539974942,25.138643979169693,1.4838892722296078,0.4551024612258421,"{""BLOCK_M"": 128, ""BLOCK_N"": 256, ""BLOCK_K"": 32, ""GROUP_M"": 4, ""num_warps"": 8, ""num_stages"": 2}","{""BLOCK_M"": 128, ""BLOCK_N"": 256, ""BLOCK_K"": 32, ""GROUP_M"": 4, ""num_warps"": 8, ""num_stages"": 2}"
8192,90.67845964928814,26.82225559880812,43.00316926986639,39.41731378963639,93.34939594258915,97.13877495796153,28.7331860350806,2.1086459716546813,0.6804688858797941,"{""BLOCK_M"": 128, ""BLOCK_N"": 256, ""BLOCK_K"": 32, ""GROUP_M"": 8, ""num_warps"": 8, ""num_stages"": 2}","{""BLOCK_M"": 128, ""BLOCK_N"": 256, ""BLOCK_K"": 32, ""GROUP_M"": 8, ""num_warps"": 8, ""num_stages"": 2}"
