n,ms_triton_fp32_acc,ms_triton_fp16_acc,ms_cublas,tflops_triton_fp32_acc,tflops_triton_fp16_acc,tflops_cublas,pct_peak_vs_cublas_fp32,pct_peak_vs_cublas_fp16
512.0,0.03067997716028582,0.02327378620875293,0.016220568652493886,8.749532458827268,11.533811198241795,16.549078010204564,52.87021097750638,69.69458474441758
1024.0,0.0663754313519453,0.06110246605455239,0.050756762312217193,32.35359234975522,35.145613371524526,42.30931111780348,76.46920144757695,83.0682713638783
2048.0,0.29098801305217126,0.30576560462450053,0.21071462282070927,59.039783129897586,56.18640201568114,81.53145213190939,72.41350618210181,68.91377566141885
4096.0,2.2927406008650615,2.4562262429131403,1.3603207869607894,59.94526961320599,55.955331422969515,101.03422280200854,59.331648178931985,55.38255243732833
8192.0,25.514058430989582,27.831111272176106,11.61996591091156,43.094344662961355,39.506565764595486,94.62262077236556,45.54338519816925,41.75171374679715
