n,tflops_auto_fp32,tflops_auto_fp16,tflops_fixed_fp32,tflops_fixed_fp16,tflops_cublas,pct_cublas_auto_fp32,pct_cublas_auto_fp16,speedup_auto_vs_fixed_fp32,speedup_auto_vs_fixed_fp16,best_fp32_config,best_fp16_config
512,19.320443032175067,19.10730110804805,16.445493166639075,16.032703979032004,19.14288660346435,100.9275321553573,99.81410590704819,1.1748168836534525,1.1917703422352888,"{""BLOCK_M"": 128, ""BLOCK_N"": 64, ""BLOCK_K"": 64, ""GROUP_M"": 4, ""num_warps"": 8, ""num_stages"": 4}","{""BLOCK_M"": 128, ""BLOCK_N"": 64, ""BLOCK_K"": 64, ""GROUP_M"": 4, ""num_warps"": 8, ""num_stages"": 4}"
1024,36.24400876529677,33.99829872493664,36.252666032853014,35.178678454366626,37.06087301789143,97.79588502353866,91.73636764715091,0.9997611963890214,0.9664461605355311,"{""BLOCK_M"": 64, ""BLOCK_N"": 64, ""BLOCK_K"": 32, ""GROUP_M"": 4, ""num_warps"": 4, ""num_stages"": 3}","{""BLOCK_M"": 64, ""BLOCK_N"": 64, ""BLOCK_K"": 32, ""GROUP_M"": 4, ""num_warps"": 4, ""num_stages"": 3}"
2048,46.98415668878019,44.27290133734457,45.531732814366684,43.46045160223975,45.829018676969746,102.52053839501242,96.60451525136592,1.0318991565802043,1.0186940012161068,"{""BLOCK_M"": 64, ""BLOCK_N"": 64, ""BLOCK_K"": 32, ""GROUP_M"": 8, ""num_warps"": 4, ""num_stages"": 3}","{""BLOCK_M"": 64, ""BLOCK_N"": 64, ""BLOCK_K"": 32, ""GROUP_M"": 8, ""num_warps"": 4, ""num_stages"": 3}"
4096,49.683932421443984,48.964687690595696,44.77090342769196,43.845814036031385,48.51176420165316,102.41625560125658,100.93363640015201,1.1097370974808873,1.1167471460413017,"{""BLOCK_M"": 128, ""BLOCK_N"": 64, ""BLOCK_K"": 32, ""GROUP_M"": 4, ""num_warps"": 4, ""num_stages"": 3}","{""BLOCK_M"": 128, ""BLOCK_N"": 64, ""BLOCK_K"": 32, ""GROUP_M"": 4, ""num_warps"": 4, ""num_stages"": 3}"
8192,49.875166444041454,47.20864604377191,20.467050927954535,22.062017599356775,47.78055621708583,104.38381298333779,98.80304831380465,2.436851631415076,2.139815446668318,"{""BLOCK_M"": 128, ""BLOCK_N"": 64, ""BLOCK_K"": 32, ""GROUP_M"": 8, ""num_warps"": 4, ""num_stages"": 3}","{""BLOCK_M"": 128, ""BLOCK_N"": 64, ""BLOCK_K"": 32, ""GROUP_M"": 8, ""num_warps"": 4, ""num_stages"": 3}"
