n,tflops_auto_fp32,tflops_auto_fp16,tflops_fixed_fp32,tflops_fixed_fp16,tflops_cublas,pct_cublas_auto_fp32,pct_cublas_auto_fp16,speedup_auto_vs_fixed_fp32,speedup_auto_vs_fixed_fp16,best_fp32_config,best_fp16_config
512,19.249449226632283,19.133031933600225,16.10456478257992,15.902471844958141,19.09693967530916,100.79860728428811,100.18899498508513,1.1952790706554293,1.2031482979588692,"{""BLOCK_M"": 128, ""BLOCK_N"": 64, ""BLOCK_K"": 64, ""num_warps"": 8, ""num_stages"": 4}","{""BLOCK_M"": 128, ""BLOCK_N"": 64, ""BLOCK_K"": 64, ""num_warps"": 8, ""num_stages"": 4}"
1024,35.61821477233373,35.98782980754268,35.826229197700435,33.72257660142658,35.233256462552596,101.09259928951013,102.14165087406006,0.9941937951599981,1.0671731947676937,"{""BLOCK_M"": 128, ""BLOCK_N"": 64, ""BLOCK_K"": 64, ""num_warps"": 8, ""num_stages"": 3}","{""BLOCK_M"": 128, ""BLOCK_N"": 64, ""BLOCK_K"": 64, ""num_warps"": 8, ""num_stages"": 3}"
2048,46.42126488340318,43.41164593845348,46.851342694066126,45.51917552963759,43.161862378747585,107.55157985550802,100.57871358171255,0.99082037384774,0.9537001809311793,"{""BLOCK_M"": 64, ""BLOCK_N"": 64, ""BLOCK_K"": 32, ""num_warps"": 4, ""num_stages"": 4}","{""BLOCK_M"": 64, ""BLOCK_N"": 64, ""BLOCK_K"": 32, ""num_warps"": 4, ""num_stages"": 4}"
4096,46.70694626859362,45.81133738478402,43.97385807458149,43.34797431351084,49.6779523172802,94.0194675704193,92.21663786018973,1.0621525677682566,1.0568276398213465,"{""BLOCK_M"": 128, ""BLOCK_N"": 64, ""BLOCK_K"": 64, ""num_warps"": 4, ""num_stages"": 2}","{""BLOCK_M"": 128, ""BLOCK_N"": 64, ""BLOCK_K"": 64, ""num_warps"": 4, ""num_stages"": 2}"
8192,48.95381294989741,44.26198554921872,19.683468022154592,21.264320265027298,48.660688167088416,100.60238519809354,90.96045949295728,2.487052225491859,2.0815142453443434,"{""BLOCK_M"": 128, ""BLOCK_N"": 128, ""BLOCK_K"": 64, ""num_warps"": 4, ""num_stages"": 2}","{""BLOCK_M"": 128, ""BLOCK_N"": 128, ""BLOCK_K"": 64, ""num_warps"": 4, ""num_stages"": 2}"
